Absolution,Tier 3,+70 Magical Protection,+250 Health,+20% Crowd Control Reduction,PASSIVE - When your Ultimate ability has finished casting you pulse out a cleansing aura within 50 units providing all allies with CC-immunity for 0.6s. This effect can only occur once every 40s.,2250
Abyssal Stone,Tier 3,+40 Physical Protection,+40 Magical Protection,+300 Health,PASSIVE - Successful ability damage to an enemy god applies a debuff that afflicts them with 20% Negative CDR for 4s. This can only occur once every 6s.,2350
Adventurer's Blade,Tier 2,+100 Health,+7% Movement Speed,1150
Amulet of Silence,Tier,+55 Magical Protection,+250 Health,AURA - Allied gods within 70 units have their Magical Protections increased by 20 and their MP5 increased by 30. GLYPH - Gain a stack each time an enemy within 40 units casts an ability. At 5 stacks your next basic attack against an enemy god will silence them for 1.5s. This effect can only occur every 30s.,2700
Amulet of the Stronghold,Tier,+55 Magical Protection,+250 Health,AURA - Allied gods within 70 units have their Magical Protections increased by 20 and their MP5 increased by 30. GLYPH - 15% of your Physical Protections are converted to Magical Protections.,2700
Ancient Blade,Tier 1,+50 Health,+5% Movement Speed,550
Apprentice Staff,Tier 2,+50 Magical Power,+10% Cooldown Reduction,1600
Archdruid's Fury,Tier 3,+35 Physical Protection,+35 Magical Protection,+300 Health,+15 MP5,PASSIVE - Gain a stack (up to a max of 6) each time you take damage from enemy gods equal to 5% of your maximum Health. Your next basic attack on an enemy god consumes all stacks and deals 30 (+ 1.5 Per Level) Magical Damage per stack. This effect can only occur once every 15 seconds.,2500
Archmage's Gem,Tier 2,+120 Magical Power,+200 Mana,+25 MP5,PASSIVE - Every 1s you gain a stack of Demise causing your next damaging ability that hits an enemy god deals an additional 1.5% of your Magical Power in damage and remove all stacks. This effect stacks up to 20 times.,2200
Arondight,Tier 3,+75 Physical Power,+10% Cooldown Reduction,PASSIVE - When your Ultimate ability has finished casting reveal all enemy gods within 120 units for 8s. While moving towards revealed enemies gain 30% Movement Speed. When first striking a revealed target they take an additional 20 + 50% of your Physical Power. This can only occur once every 45 seconds. This item is only available to Assassins and Warriors.,2600
Asi,Tier 3,+50 Physical Power,+20% Physical Lifesteal,+20% Attack Speed,PASSIVE - While below 50% Health you gain an additional 25% Physical Lifesteal for 5 seconds. Can only occur once every 15 seconds.,2450
Atalanta's Bow,Tier 3,+40 Physical Power,+25% Attack Speed,+10% Physical Penetration,PASSIVE - Upon getting a kill or assist on an Enemy god you gain Atalanta's Agility for 10s. This effect increases your Attack Speed by 20% and decreases the Movement Penalty for attacking backpedaling and strafing by 30%.,2400
Axe of Animosity,Tier 2,+35 Physical Protection,+35 Magical Protection,+300 Health,+30% Crowd Control Reduction,PASSIVE - Your Basic Attacks deal bonus damage equal to 2.5% of your Maximum Health as Magical Damage to enemies and structures.,2150
Balanced Blade,Tier 2,+15 Physical Power,+15% Attack Speed,1250
Bancroft's Claw,Tier,+100 Magical Power,+15% Magical Lifesteal,+150 Mana,PASSIVE - You gain additional Magical Power and Lifesteal scaled from missing Health. This caps at 100 power and 20% Lifesteal at 25% Health. GLYPH - Every 15s gain a stack of Hunger(max 3). Abilities cast within 30 units of enemy gods consume a stack dealing bonus damage equal to 0.5% of their max HP for each 75 Magical Power you have. Each god damaged by Hunger provides you with a shield of 0.5% of your Max HP for each 75 Magical Power you have. This cannot exceed 35% of your Max HP.,3100
Bancroft's Talon,Tier 3,+100 Magical Power,+15% Magical Lifesteal,+150 Mana,PASSIVE - You gain additional Magical Power and Lifesteal scaled from missing Health. This caps at 100 power and 20% Lifesteal at 25% Health.,2500
Benevolence,Tier 1,+100 Health,+10 MP5,+10 HP5,PASSIVE - While not near an ally god you gain 1 Stack of Benevolence every second up to a maximum of 50. Assists provide 4 stacks. While within 70 units of a hurt ally god you use up to 5 stacks a second to heal them and yourself for 0.75% of your Maximum Health. Each Stack consumed provide you with 1 gold. If you overcap stacks they will still provide gold as long as you are near an ally god. Can be upgraded at level 15.,600
Berserker's Shield,Tier 3,+60 Physical Protection,+150 Health,+25% Attack Speed,+20 HP5,PASSIVE - While below 50% Health you become Berserk for 5s. While Berserk you gain 5% Damage Mitigation and 20% Attack Speed. This effect can only occur once every 15 seconds.,2400
Bladed Boomerang,Tier 3,+40 Physical Power,+20% Attack Speed,+20% Critical Strike Chance,PASSIVE - Your next basic attack on an enemy god creates a deployable that when picked up provides you with 4% Movement Speed and 10% Critical Strike Chance for 6s. This effect stacks up to 3 times and can only occur once every 2 seconds.,2500
Blood-soaked Shroud,Tier 2,+95 Magical Power,+300 Health,+15 MP5,+15% Magical Lifesteal,PASSIVE - Damaging any enemy with an ability restores 1.5% Health and Mana. Can only trigger once per target per ability.,2200
Bloodforge,Tier 3,+75 Physical Power,+15% Physical Lifesteal,+7% Movement Speed,PASSIVE - Killing an enemy god forges a shield from their blood with Health equal to 200 + 10 per Player Level for 20s. While the Blood Shield is active you gain +10% movement speed.,2600
Bluestone Brooch,Tier 2,+45 Physical Power,+200 Health,+30 HP5,+30 MP5,PASSIVE - PASSIVE � Enemies hit by your damaging abilities take an additional 180 Physical Damage while gods take +15% of their current health as physical damage over 2s. Subsequent hits on the same target do half the bonus damage for the next 3s.,2200
Bluestone Pendant,Tier 1,+15 Physical Power,+15 HP5,+10 MP5,PASSIVE - Enemies hit by your damaging Abilities take an additional 48 Physical Damage over 2s. Subsequent hits on the same target do half the bonus damage for the next 3s. Can be upgraded at level 20.,700
Book of Souls,Tier 2,+65 Magical Power,+125 Mana,1350
Bound Gauntlet,Tier 2,+15 Physical Power,+10% Physical Lifesteal,1050
Brawler's Beat Stick,Tier 3,+55 Physical Power,+15 Physical Penetration,PASSIVE - Enemies hit by your Abilities have 40% reduced healing for 5 seconds. Getting a kill or assist on an enemy god creates a field that lasts 10s providing allies within it 20 Power + 2 Per level. This effect can only occur once every 10 seconds.,2500
Breastplate,Tier 1,+20 Physical Protection,600
Breastplate of Determination,Tier,+65 Physical Protection,+300 Mana,+10 MP5,+20% Cooldown Reduction,2900
Breastplate of Regrowth,Tier 3,+55 Physical Protection,+300 Mana,+15 MP5,+10% Cooldown Reduction,PASSIVE - After healing yourself from an ability you gain +30% Movement Speed 15 Physical Power and 30 Magical Power for 4 seconds. This effect can only occur once every 10 seconds.,2100
Breastplate of Valor,Tier 3,+65 Physical Protection,+300 Mana,+10 MP5,+20% Cooldown Reduction,2300
Breastplate of Vigilance,Tier,+65 Physical Protection,+300 Mana,+10 MP5,+20% Cooldown Reduction,2900
Bristlebush Acorn,Tier 3,+45 Physical Power,+6% Movement Speed,+25% Critical Strike Chance,PASSIVE: Dart deals 35% increased damage and can Critically Strike. When Dart damages an enemy Ratatoskr gains 20% Physical Lifesteal and 20% Basic Attack damage for 6s.,2050
Bumba's Dagger,Tier 1,+7 Physical Power,+12 Magical Power,+50 Health,+50 Mana,PASSIVE - Your Basic Attacks deal +25 True Damage and your Abilities deal +35% Damage versus Jungle Monsters. When a Jungle Monster is killed you are restored for 10% of the Monster's Health and 25 Mana. Can be upgraded at level 20.,600
Bumba's Hammer,Tier 2,+50 Physical Power,+70 Magical Power,+150 Health,+10% Cooldown Reduction,PASSIVE - After casting an ability your next Basic Attack deals an additional 70 True Damage. After hitting a Basic Attack empowered by Bumba�s Hammer your active cooldowns are reduced by 0.5s and you are healed for 100 Health.,2100
Bumba's Spear,Tier 2,+70 Physical Power,+105 Magical Power,+10% Penetration,+10% Cooldown Reduction,PASSIVE - Your Basic Attacks deal +50 True Damage and your Abilities deal +35% damage against Jungle Camps Structures and Jungle Bosses. When any of these die you gain a 10% power buff for 30s and are healed for 10% of their Health 10% of your Mana.,2100
Caduceus Club,Tier 3,+30 Physical Power,+250 Health,+20 MP5,AURA - Allied gods within 70 units have their Healing increased by 20%. This does not stack with similar Auras.,2500
Calamitous Rod of Tahuti,Tier,+135 Magical Power,+30 MP5,+10% Magical Penetration,PASSIVE - Basic Attacks and Abilities gain 25% additional Magical Power against targets below 50% Health. GLYPH - Successfully hitting an enemy god with an ability calls down a meteor that lands after 1s dealing 100 (+35% of your Magical Power) damage in a 15 unit radius. This effect can only occur once every 30s.,3450
Cannoneer's Cuirass,Tier 3,+30 Physical Protection,+30 Magical Protection,+300 Health,+20 HP5,PASSIVE - Your next successful basic attack on an enemy lane minion causes it to explode instantly killing it dealing 50 (+5 Per Level) magical damage to enemies in a small area and providing 25 bonus gold to your nearest ally. This can only happen once every 20s.,2100
Charged Bow,Tier 2,+20% Attack Speed,PASSIVE - Every fourth Basic Attack triggers a chain lightning damaging the target and up to 4 nearby enemies for 15 damage +30% of your total Basic Attack Power.,1200
Charged Morningstar,Tier 2,+20 Physical Power,+150 Mana,+7 MP5,1200
Chronos' Pendant,Tier 3,+100 Magical Power,+20 MP5,+20% Cooldown Reduction,PASSIVE - Every 10s the Pendant activates subtracting 1s from all of your abilities currently on Cooldown. The initial countdown will not start until you leave the fountain.,2600
Cleric's Cloak,Tier 2,+15 Physical Protection,+15 Magical Protection,+5% Cooldown Reduction,1150
Cloak,Tier 1,+10 Physical Protection,+10 Magical Protection,600
Cloak of Concentration,Tier 2,+30 Physical Protection,+30 Magical Protection,+7% Cooldown Reduction,1500
Compassion,Tier 2,+60 Magical Protection,+300 Health,+45 HP5,+15 MP5,AURA - You gain 8 GP5 if you have the lowest gold on your team. Damage taken by allied gods within 70 units of you is reduced by 15% up to a maximum of 100 damage. The reduced damage is redirected to you as Magical Damage. If you would die from this damage it does not get reduced or redirected.,1850
Conduit Gem,Tier 1,+25 Magical Power,+100 Mana,+10 MP5,PASSIVE - Every second you gain a stack of Arcane Energy causing your next damaging ability to deal an additional 2 True Damage and remove all stacks. Also deals an additional 2 true damage per stack to minions. This effect stacks up to 20 times. Can be upgraded at level 20.,700
Contagion,Tier 3,+60 Physical Protection,+150 Health,+250 Mana,+15 MP5,AURA - Enemy gods within 55 units have their healing reduced by 25%. This does not stack with similar Auras.PASSIVE � When you are hit by a Hard Crowd Control the enemy receives an aura that deals 25 Magical Damage per second to them and other enemies within a 25 unit radius for 5s. This aura is refreshed if an enemy apples additional Hard Crowd Control to you within 5s.,2250
Corrupted Bluestone,Tier 2,+50 Physical Power,+150 Health,+20 HP5,+20 MP5,PASSIVE - Enemies hit by your damaging Abilities are corrupted taking 250 Physical Damage over 5s and reducing their Attack Speed by 10%. Subsequent hits on the same target do half the bonus damage for the next 3s. Each time you apply corruption you gain 10% Attack Speed and 4% increased Protections for 6s up to a maximum of 5 stacks.,2200
Cudgel,Tier 1,+10 Physical Power,+75 Health,650
Cursed Blade,Tier 2,+75 Health,+10% Attack Speed,+5% Movement Speed,1250
Cursed Gauntlet,Tier 2,+20 Physical Power,+7% Physical Lifesteal,1400
Cursed Orb,Tier 2,+55 Magical Power,+75 Mana,+15 MP5,+2% Movement Speed,PASSIVE - Killing or assisting an enemy minion provides you with 1 stack granting 1% Movement Speed and 4 Magical Power per stack. Stacks last for 10s and stack up to 4 times. Enemy gods provide 4 stacks.,1600
Cyclopean Ring,Tier 3,+80 Magical Power,+25% Attack Speed,+10% Cooldown Reduction,PASSIVE - Your next basic attack against an enemy god deals bonus Magical Damage equal to 8% of the target's maximum Health. This effect can only occur once every 10s reduced by 2s for each successful Basic Attack on an enemy god.,2600
Dawnbringer,Tier 3,+40 Physical Power,+300 Health,+20% Crowd Control Reduction,PASSIVE - When your Ultimate has finished casting your Protections and Movement Speed are increased by 5% for each enemy god within 55 units of you for the next 6s. This effect can only occur once every 30s.,2400
Death's Embrace,Tier 2,+65 Physical Power,+110 Magical Power,+200 Health,PASSIVE - Hitting an enemy with a Basic Attack restores 2% of your Health and Mana. Basic Attacks that deal damage in an AoE restore less health (75% for Melee Attacks 50% for Ranged Attacks) for each enemy hit after the first. Can be upgraded at level 20.,2150
Death's Temper,Tier 2,+50 Physical Power,+75 Magical Power,+100 Health,+30% Attack Speed,PASSIVE - When an enemy dies within 80 units of you gain 1 stack of Temper that provides 3.5% increased Basic Attack Damage for 10s. This can stack up to 10 times. If an enemy god dies near you immediately gain 5 stacks.,2150
Death's Toll,Tier 1,+15 Physical Power,+35 Magical Power,+75 Health,PASSIVE - Hitting an enemy with a Basic Attack restores 2 Health (+0.4% of your Maximum Health) and 1 Mana (+1% of your Maximum Mana). Basic Attacks that deal damage in an AoE restore less health (75% for Melee Attacks 50% for Ranged Attacks) for each enemy hit after the first. Can be upgraded at level 20.,650
Deathbringer,Tier 3,+50 Physical Power,+30% Critical Strike Chance,PASSIVE - Critical Strike bonus damage dealt is increased by 25%.,2900
Demon Blade,Tier 3,+25 Physical Power,+20% Attack Speed,+20% Critical Strike Chance,PASSIVE - Your Critical Hits provide you with 10% Physical Penetration and increase your Attack Speed by 10% for 4s.,2400
Demonic Grip,Tier 3,+75 Magical Power,+30% Attack Speed,PASSIVE - Your Basic Attacks reduce your target's Magical Protection by 10% for 3s (max 3 Stacks).,2300
Diamond Arrow,Tier 2,+80 Basic Attack Damage,+100 Health,PASSIVE - When you kill an enemy you gain 7 gold and 25% Attack Speed for 8s. This can stack up to 3 times. If you kill an enemy god you gain 3 stacks and 21 gold immediately.,2150
Divine Ruin,Tier 3,+100 Magical Power,+15 Magical Penetration,PASSIVE - Enemies hit by your abilities have 40% reduced healing for 5 seconds. Your next successful damaging ability on an enemy triggers a chain lightning damaging the target and up to 4 nearby enemies for 40 damage + 20% of your Magical Power. This can only occur once every 20 seconds.,2550
Dominance,Tier 3,+55 Physical Power,+15% Attack Speed,+200 Mana,+20 MP5,PASSIVE - Your Basic Attacks benefit from an additional 20% Physical Penetration.,2500
Doom Orb,Tier 3,+145 Magical Power,+200 Mana,+25 MP5,+4% Movement Speed,PASSIVE - Killing or assisting an enemy minion provides you with 1 stack granting 1% Movement Speed and 4 Magical Power per stack. Stacks last for 15s and stack up to 5 times. Enemy gods provide 5 stacks.,2850
Druid Stone,Tier 1,+15 Physical Protection,+15 Magical Protection,+50 Health,650
Emerald Mail,Tier 2,+200 Health,+10 HP5,1250
Emerald Ring,Tier 1,+20 Magical Power,+5% Attack Speed,600
Emerald Talisman,Tier 2,+200 Health,+15 HP5,+10 MP5,PASSIVE - Regenerates 0.2% of your max. Health every second.,1400
Emperor's Armor,Tier 3,+300 Health,+60 Physical Protection,AURA - Damageable enemy structures within 55 units have their Attack Speed reduced by 40%.Damageable allied structures within 55 units have their Attack Speed increased by 50%.,2250
Enchanted Kusari,Tier 1,+20 Magical Protection,+5 MP5,650
Enchanted Ring,Tier 2,+55 Magical Power,+15% Attack Speed,1300
Enchanted Spear,Tier 2,+60 Magical Power,1400
Enchanted Trinket,Tier 2,+30 Magical Power,+100 Health,+12% Magical Lifesteal,1100
Envenomed Deathbringer,Tier,+50 Physical Power,+30% Critical Strike Chance,PASSIVE - Critical Strike bonus damage dealt is increased by 25%. GLYPH - Critical hits on enemy gods afflict them with poison for 2s. This poison slows them by 10% and reduces their damage output by 10%.,3500
Ethereal Staff,Tier 3,+90 Magical Power,+200 Health,+20% Crowd Control Reduction,PASSIVE - Whenever you damage an enemy god with an ability you steal 8% maximum mana as well as 6% maximum health from the target. The Stats remain stolen for 45s and targets affected can have multiple Buffs and Debuffs at once. This can only occur once every 15 seconds.,2600
Evergreen Acorn,Tier 3,+35 Physical Power,+6% Movement Speed,+10% Maximum Health,PASSIVE: When Ratatoskr deals damage to an enemy god with an ability he restores 7% of his Maximum Health and Mana.,2050
Evolved Book of Thoth,Tier,+80 Magical Power,+10 Magical Penetration,+1000 Mana,+20 MP5,PASSIVE - 10% of your Mana from items is converted to Magical Power.,2500
Evolved Charon's Coin,Tier,+90 Magical Power,+35 HP5 & MP5,+20% Magical Penetration,+8% Movement Speed,PASSIVE - On god kill or assist a coin is flipped. If heads you gain 150 Health over 6 seconds. If tails you gain 5% Movement Speed for 6 seconds. You also gain 1 gold every time the coin is flipped.,2400
Evolved Devourer's Gauntlet,Tier,+65 Physical Power,+10 Physical Penetration,+25% Physical Lifesteal,2400
Evolved Gauntlet of Thebes,Tier,+250 Health,+65 Physical Protection,+65 Magical Protection,+15 HP5,AURA - Allies within 70 units receive 10 Physical Protection and 10 Magical Protection.,2350
Evolved Prophetic Cloak,Tier,+70 Physical Protection,+70 Magical Protection,+150 Health,+10% Cooldown Reduction,AURA - Allies within 70 units gain 30 Physical and Magical Protections.PASSIVE - If you have over 400 total Protections you gain 10% Damage Mitigation. If you have over 600 total Protections you gain an additional 7.5% Damage Mitigation.,2350
Evolved Rage,Tier,+55 Physical Power,+45% Critical Strike Chance,2500
Evolved Soul Eater,Tier,+40 Physical Power,+15% Physical Lifesteal,+10% Physical Penetration,+10% Cooldown Reduction,PASSIVE - Your abilities heal you for 20% of the damage dealt to targets.,2100
Evolved Transcendence,Tier,+35 Physical Power,+1050 Mana,+10 MP5,+10% Cooldown Reduction,PASSIVE - 3% of your Mana is converted to Physical Power.,2600
Evolved Warlock's Staff,Tier,+155 Magical Power,+225 Health,+200 Mana,+10% Magical Penetration,2500
Eye of the Jungle,Tier 1,+10 Physical Power,+20 Magical Power,+10 HP5,+7% Attack Speed,PASSIVE - You deal 30% increased damage to Jungle Monsters. Upon defeating a Large Jungle Monster you place a ward at its location that lasts for 30 seconds. While in the jungle you gain +20 HP5 and +15 MP5 Can be upgraded at level 20.,650
Fae-Blessed Hoops,Tier 3,+50 Magical Protection,+300 Health,+40 MP5,+10% Cooldown Reduction,2300
Fail-not,Tier 3,+40 Physical Power,+20% Critical Strike Chance,+20% Cooldown Reduction,+10% Physical Penetration,PASSIVE - When your Ultimate ability has finished casting your next ability or basic attack within 8s that damages an enemy god marks them increasing the chance you and your allies can land a Critical Strike by 20% for 10 seconds. This can only occur once every 45 seconds. This item is only available to Hunters.,2650
Fighter's Mask,Tier 1,+10 Physical Power,+15 Magical Power,+10 HP5,+10 MP5,PASSIVE - Increase Damage Dealt by 6% + 0.25% per your god's level.Increase Damage Taken by 6% + 0.25% per your god's level.PASSIVE - This item grants 2 MP5 per 10% of your missing Mana. Your abilities deal +10 Bonus Ability True Damage to minions.Can be upgraded at level 20.,650
Fortified Scepter,Tier 2,+50 Magical Power,+150 Health,+5% Crowd Control Reduction,1350
Frostbound Hammer,Tier 3,+30 Physical Power,+350 Health,+20 HP5,+15 MP5,PASSIVE - Your next basic attack on an enemy god creates a 30 unit shockwave of frost around them slowing the Movement Speed and Attack Speed of enemy gods in the area by 25% for 3s. This effect can only occur once every 10 seconds.,2400
Gem of Fate,Tier 1,+10% Cooldown Reduction,900
Gem of Focus,Tier 2,+100 Magical Power,+150 Health,+15 MP5,PASSIVE - Every time you cast an ability that costs mana you gain a stack of Focus for 10s providing 5% Movement Speed 5% Damage Increase stacking up to 3 times.,2200
Gem of Isolation,Tier 3,+90 Magical Power,+200 Health,+10% Crowd Control Reduction,PASSIVE - Enemies hit by your damaging abilities will move 30% Slower for 2.5 seconds. This can only occur once every 10 seconds.,2700
Genji's Guard,Tier 3,+150 Health,+70 Magical Protection,+40 MP5,+10% Cooldown Reduction,PASSIVE - When you take Magical Damage from Abilities your cooldowns are reduced by 3s. This can only occur once every 30s.,2200
Gilded Arrow,Tier 1,+20 Basic Attack Damage,+50 Health,+7 MP5,PASSIVE - Every 10s the highest health enemy minion or jungle monster within 80 units of you is marked. If you secure the killing blow on that target you gain 3 bonus gold and 25% attack speed for 8s and restore 30 Mana. Can be upgraded at level 20.,650
Gladiator's Shield,Tier 3,+50 Physical Protection,+150 Health,+25 HP5,+10% Cooldown Reduction,PASSIVE - When damaging an enemy god with an ability you deal an additional 15 + 35% of your Protections from items and abilities as Physical Damage. Can only trigger once per enemy per ability. Subsequent hits on the same target do half the bonus damage for the next 3s.,2300
Gleaming Ear Cuffs,Tier 2,+20 Physical Power,+30 Magical Power,+15% Attack Speed,+15 MP5,1300
Glowing Emerald,Tier 1,+100 Health,+10 HP5,600
Golden Blade,Tier 3,+35 Physical Power,+20% Attack Speed,+7% Movement Speed,PASSIVE - All Basic Attacks will also hit enemies within a 15 unit radius of the target for 50% of the damage to Gods and 50% damage to Minions and Jungle Camps.,2150
Griffonwing Earrings,Tier 3,+45 Physical Power,+80 Magical Power,+30% Attack Speed,+15 MP5,2200
Hastened Katana,Tier 3,+25 Physical Power,+15% Attack Speed,+7% Movement Speed,PASSIVE - Hitting an enemy with a Basic Attack grants Haste for 1s causing you to be immune from Basic Attack Movement Penalty.,2450
Hastened Ring,Tier 3,+70 Magical Power,+25% Attack Speed,+7% Movement Speed,PASSIVE - Hitting an enemy God with a Basic Attack grants Haste for 6s causing you to be immune from Basic Attack Movement Penalty. (Internal Cooldown 25s),2700
Heartseeker,Tier 3,+65 Physical Power,+200 Mana,+20 MP5,+10% Physical Penetration,PASSIVE - Your abilities deal an additional 2% of the targets maximum Health as Physical Damage. If you have over 200 Physical Power your ability bonus damage scales up. This effect reaches a maximum of 6% Maximum Health damage at 350 Physical Power. Subsequent hits on the same target do 75% bonus damage for the next 3s.,2750
Heartward Amulet,Tier 3,+55 Magical Protection,+250 Health,AURA - Allied gods within 70 units have their Magical Protections increased by 20 and their MP5 increased by 30.,2100
Heavy Hammer,Tier 2,+20 Physical Power,+150 Health,1350
Heavy Mace,Tier 2,+30 Physical Power,1450
Heroism,Tier 2,+400 Health,+20 HP5,+20 MP5,PASSIVE - When an ally god within 55 units of you is hit by a hard crowd control effect give them a shield equal to 15% of your Maximum Health. This effect can only occur once every 8s.,1850
Hidden Dagger,Tier 1,+15 Physical Power,700
Honed Edge,Tier 2,+30 Physical Power,+10% Cooldown Reduction,1600
Hunter's Bow,Tier 2,+20% Attack Speed,+10 Physical Power,1200
Hunter's Cowl,Tier 2,+60 Physical Power,+15 MP5,+15% Physical Lifesteal,+15% Attack Speed,AURA - While you are within 55 units of an allied god you gain 20% Attack Speed Aura. If you are alone you instead gain 10% Movement Speed.,2200
Hydra's Lament,Tier 3,+40 Physical Power,+10% Physical Penetration,+10% Cooldown Reduction,+200 Mana,PASSIVE - For 8s after using an ability your next Basic Attack will deal an additional 35% damage. Abilities that function like basic attacks do not benefit from this.PASSIVE - This item grants 2.5 MP5 per 10% of your missing Mana.,2300
Hydra's Star,Tier 2,+20 Physical Power,+5% Cooldown Reduction,+100 Mana,PASSIVE - For 8 seconds after using an ability your next basic attack will deal an additional 10% damage. The effect can only occur every 3 seconds.,1200
Infused Sigil,Tier 2,+350 Health,+50 Physical Power,+35 Magical Protection,+35 Physical Protection,PASSIVE - When you are hit by an ability the Infused Sigil gains a stack. This can occur only once per ability cast. At 4 stacks it explodes after 0.5s dealing 600 Physical Damage to enemies within 30 units of you.,2150
Iron Mail,Tier 1,+75 Health,+10 Physical Protection,650
Jeweled Studs,Tier 2,+20 Physical Power,+30 Magical Power,+10% Cooldown Reduction,+20 MP5,1400
Jotunn's Cunning,Tier,+45 Physical Power,+150 Mana,+10 Physical Penetration,+20% Cooldown Reduction,2800
Jotunn's Vigor,Tier,+45 Physical Power,+150 Mana,+10 Physical Penetration,+20% Cooldown Reduction,2800
Jotunn's Wrath,Tier 3,+45 Physical Power,+150 Mana,+10 Physical Penetration,+20% Cooldown Reduction,2200
Katana,Tier 1,+7 Physical Power,+3% Movement Speed,600
Knight's Shield,Tier 2,+25 Physical Protection,+25 Magical Protection,+10% Cooldown Reduction,1600
Leader's Cowl,Tier 2,+50 Physical Power,+300 Health,+15% Attack Speed,+15% Physical Lifesteal,AURA - You provide 5% increased Power to all nearby allied gods. This aura gains a bonus stack for each ally god within 55 units causing it to provide an additional 3% increased Power. For each enemy god within 55 units a stack is removed.,2200
Leather Cowl,Tier 1,+15 Physical Power,+5 MP5,+7% Physical Lifesteal,+7% Attack Speed,PASSIVE - While you are within 55 units of an allied god you gain 10% Attack Speed. If you are alone you instead gain 5% Movement Speed. Can be upgraded at level 20.,700
Light Blade,Tier 1,+5 Physical Power,+10% Attack Speed,600
Lively Acorn,Tier 2,+10 Physical Power,+4% Movement Speed,PASSIVE: When Ratatoskr deals damage with an ability he restores 3% of his Maximum Health.,700
Lono's Mask,Tier 2,+300 Health,+200 Mana,+10% Crowd Control Reduction,1900
Lost Artifact,Tier 1,+20 Magical Power,+5 MP5,550
Lotus Sickle,Tier 3,+25 Physical Protection,+300 Health,+10% Cooldown Reduction,+7% Movement Speed,PASSIVE - Any god affected by your ability heals gains 15 increased Physical and Magical Protection for 5 seconds.,2000
Mace,Tier 1,+10 Physical Power,650
Magi's Cloak,Tier 3,+30 Physical Protection,+30 Magical Protection,+10% Cooldown Reduction,PASSIVE - Protects you from a single hard Crowd Control effect once every 70 seconds. When this occurs you gain 1s of Crowd Control immunity.,2150
Magi's Revenge,Tier,+30 Physical Protection,+30 Magical Protection,+10% Cooldown Reduction,PASSIVE - Protects you from a single hard Crowd Control effect  once every 70 seconds. When this occurs you gain 1s of Crowd Control immunity. GLYPH - The first enemy god to hit you with hard Crowd Control while you are protected becomes Marked for Revenge for 5s. Gods Marked for Revenge cause enemy gods within 40 units to move 20% faster towards them and take 10% increased damage.,2750
Magi's Shelter,Tier,+30 Physical Protection,+30 Magical Protection,+10% Cooldown Reduction,PASSIVE - Protects you from a single hard Crowd Control effect once every 70 seconds. When this occurs you gain 1s of Crowd Control immunity. GLYPH - Whenever your passive is consumed the nearest allied god within 40 units gains protection from a single hard Crowd Control effect for 8s. If this passive is consumed before time runs out they gain 1s of Crowd Control immunity.,2750
Magic Focus,Tier 1,+20 Magical Power,650
Mail of Renewal,Tier 3,+350 Health,+20 HP5,+20 Physical Protection,+20 Magical Protection,PASSIVE - When you are hit by an enemy god you gain a stack up to once a second increasing your protections by 4. Max of 5 stacks lasts for 5s each. At max stacks upon being hit you are immediately healed for 15% of your maximum health. Allies within 35 units heal for 15% of their maximum health over 10s. This effect can only occur once every 60 seconds.,2300
Malicious Deathbringer,Tier,+50 Physical Power,+30% Critical Strike Chance,PASSIVE - Critical Strike bonus damage dealt is increased by 25%. GLYPH - Successfully hitting an Enemy God with a Critical Strike will subtract 1s from all of your abilities currently on cooldown except your ultimate ability.,3500
Manikin Hidden Blade,Tier 2,+90 Magical Power,+60 Physical Power,+30 Physical Protection,+5 Damage Reduction,PASSIVE - If you have not taken or dealt damage in the last 5s and hit an enemy god Jungle Monster or Jungle Boss they immediately take 20% of their Maximum Health as Physical Damage and are slowed by 20% for 5s.,2250
Manikin Mace,Tier 2,+50 Basic Attack Damage,+100 Health,+30 Physical Protection,PASSIVE - Enemies hit by your Basic Attacks are burned taking 60 physical damage over 2s and have their Attack Speed slowed by 10%. Jungle Monsters and Bosses take 4x damage and restore 3% Health and 5% Mana when they die if they are burned. This effect can stack up to 4 times.,2250
Manikin Scepter,Tier 1,+10 Basic Attack Damage,+10 Physical Protection,PASSIVE - Enemies hit by your Basic Attacks are burned taking 16 Physical Damage (+5% of your Physical and Magical Power) over 2s and have their Attack Speed reduced by 4.5%. Gods take 50% damage. Jungle Monsters restore 3% Health and 5% Mana when they die if they are burned. This effect can stack up to 3 times. Can be upgraded at level 20.,750
Manticore's Spikes,Tier 3,+35 Physical Protection,+35 Magical Protection,+300 Health,+20 MP5,2400
Mantle of Discord,Tier 3,+55 Physical Protection,+55 Magical Protection,+10% Cooldown Reduction,PASSIVE - If you take damage below 30% health you unleash a shockwave that stuns all enemies within a range of 20 units for 1s and become immune to Crowd Control for 1s. This effect cannot trigger more than once every 110s.,2900
Midgardian Mail,Tier 3,+300 Health,+50 Physical Protection,PASSIVE - Enemies that successfully land a basic attack on you have their Movement Speed and Attack Speed reduced by 8% for 2 seconds. This effect can stack up to 3 times and can stack with other item slow effects.,2300
Morningstar,Tier 1,+7 Physical Power,+50 Mana,600
Mystical Earrings,Tier 1,+15 MP5,400
Mystical Mail,Tier 3,+250 Health,+40 Physical Protection,+20% Crowd Control Reduction,AURA - ALL enemies within 25 units are dealt 20 (+1 Per Level) Magical Damage per second.,2450
Nettle Acorn,Tier 2,+15 Physical Power,+4% Movement Speed,700
Nimble Bancroft's Talon,Tier,+100 Magical Power,+15% Magical Lifesteal,+150 Mana,PASSIVE - You gain additional Magical Power and Lifesteal scaled from missing Health. This caps at 100 power and 20% Lifesteal at 25% Health. GLYPH - For every 40 Magical Power you have you gain 2% Attack Speed.,3100
Obsidian Shard,Tier 3,+90 Magical Power,+20% Magical Penetration,PASSIVE - Your first ability cast gains 10% Magical Penetration. This can only occur once every 10 seconds.,2500
Odysseus' Bow,Tier 3,+30% Attack Speed,PASSIVE - Every fourth Basic Attack triggers a chain lightning damaging the target and up to 4 nearby enemies for 15 damage +60% of your total Basic Attack Power.,2100
Oni Hunter's Garb,Tier 3,+150 Health,+60 Magical Protection,+30 MP5,+20% Crowd Control Reduction,PASSIVE - For each enemy God within 55 units of you you gain a stack of 4% damage mitigation. This caps at 3 stacks.,2100
Ornate Arrow,Tier 2,+60 Basic Attack Damage,+150 Health,+10% Attack Speed,+5% Physical Critical Strike Chance,PASSIVE - All sources of gold gain are increased by 5%. For every 100 gold you have gain 1.25% Attack Speed and 1% Physical Critical Strike Chance up to a maximum of 20 stacks.,2150
Pendulum of Ages,Tier 2,+90 Magical Power,+20 MP5,+20% Cooldown Reduction,PASSIVE - This item grants 4 MP5 per 10% of your missing Mana. This item grants 10 Magical power per 10% of your available Mana.,2200
Perfected Rod of Tahuti,Tier,+135 Magical Power,+30 MP5,+10% Magical Penetration,PASSIVE - Basic Attacks and Abilities gain 25% additional Magical Power against targets below 50% Health. GLYPH - Successfully damaging an enemy god with an ability applies a mark for 3s. Damaging them a second time with another ability consumes the mark and provides you 10% movement speed for 2s and reduces your abilities cooldowns by 1.5s. Only one mark can be active at a time and cannot be applied for 8s after consuming a mark.,3450
Pestilence,Tier 3,+80 Magical Protection,+250 Health,AURA - Enemy gods within 55 units have their healing reduced by 25%. This does not stack with similar Auras.PASSIVE - Enemies that successfully damage you have their Healing reduced by an additional 5% for 3s. This can stack up to 6 times.,2400
Phalanx,Tier 3,+60 Physical Protection,+200 Health,+20 HP5,+10% Crowd Control Reduction,PASSIVE - When you are Basic Attacked by an enemy god friendly minions within 40 units gain a stack up to a max of 3. Stacks provide 20% Attack Speed and 15 of each Protection and last for 6s. You cannot give more than one stack per second.,2200
Polynomicon,Tier 3,+95 Magical Power,+300 Mana,+12% Magical Lifesteal,PASSIVE - Using an ability gives your next Basic Attack within the next 8 seconds +75% of your Magical Power as additional Magical Damage. The effect can only apply once every 2 seconds.,2300
Pridwen,Tier 3,+30 Physical Protection,+30 Magical Protection,+20% Cooldown Reduction,PASSIVE - When your Ultimate ability has finished casting you gain a Shield equal to 90% of your Protections from items for 5s. When destroyed by timing out or being depleted it explodes and deals Magical damage equal to 75% of the Shield�s initial Health and slows targets by 25% for 3s. This can only occur once every 45 seconds.,2400
Protector of the Jungle,Tier 2,+70 Physical Power,+100 Magical Power,+35 Physical Protection,+35% Attack Speed,PASSIVE - While in the jungle you gain 15% Power and 12% Protections.,2150
Protector's Mask,Tier 1,+125 Health,+100 Mana,PASSIVE - Decrease damage dealt by 6% + 0.25% per your god's level.Decrease Damage Taken by 6% + 0.25% per your god's level.PASSIVE - Getting the assist for an enemy minion or jungle monster dying will provide 8 bonus gold and restore 15 health and 15 mana. If you are not within 30 units of an allied god for 20 seconds this passive is disabled until you are near an allied god again. Can be upgraded at level 15.,650
Pythagorem's Piece,Tier 3,+40 Magical Power,+250 Health,+12% Magical Lifesteal,+10% Cooldown Reduction,AURA - Allied gods within 70 units have their Magical Lifesteal increased by 12% and their Magical Power increased by 30 or their Physical Lifesteal increased by 10% and their Physical Power increased by 20.,2300
Qin's Sais,Tier 3,+40 Physical Power,+25% Attack Speed,PASSIVE - On Basic Attack hits deal Physical Damage equal to 3% of the target's maximum Health. If the target has over 2000 Health the bonus damage scales up. This effect reaches a maximum of 6% of the targets Maximum Health at 2750 Health.,2600
Rangda's Mask,Tier 2,+60 Physical Power,+80 Magical Power,+20 HP5,+10% Cooldown Reduction,2150
Relic Dagger,Tier 3,+350 Health,+10% Cooldown Reduction,+10% Crowd Control Reduction,+7% Movement Speed,PASSIVE - Your relics receive 40s Cooldown Reduction,1850
Restored Artifact,Tier 2,+60 Magical Power,+15 MP5,1400
Rod of Asclepius,Tier 3,+90 Magical Power,+200 Health,+7% Movement Speed,AURA - Allied gods within 70 units have their Healing increased by 20%. This does not stack with similar Auras.,2600
Rod of Healing,Tier 2,+45 Magical Power,+100 Health,+5% Movement Speed,AURA - Allied gods within 70 units have their Healing increased by 10%.,1500
Rod of Tahuti,Tier 3,+135 Magical Power,+30 MP5,+10% Magical Penetration,PASSIVE - Basic Attacks and Abilities gain 25% additional Magical Power against targets below 50% Health.,2850
Rose Spike Earrings,Tier 2,+25 Magical Protection,+250 Health,+15 MP5,1200
Round Shield,Tier 1,+5 Physical Protection,+10 HP5,650
Runeforged Hammer,Tier 3,+35 Physical Power,+250 Health,+15 HP5,+20 MP5,PASSIVE - Your next successful Hard CC on an enemy god creates a runic symbol on the ground that lasts for 5s. Enemies in the symbol take 10% more damage. This can only occur once every 20 seconds.,2500
Sacrificial Shroud,Tier 2,+115 Magical Power,+40 Physical Protection,+15 MP5,+15% Magical Lifesteal,PASSIVE - Your abilities deal 15% more damage but cost 5% of your Maximum Health. If the cost would kill you you instead don't pay the cost.,2200
Sage's Stone,Tier 2,+25 Physical Protection,+25 Magical Protection,+100 Health,1400
Sands of Time,Tier 1,+25 Magical Power,+10 MP5,+10% Cooldown Reduction,PASSIVE - This item grants 2 MP5 per 10% of your missing Mana. Your damaging abilities deal an extra 15 true damage to minions. Can be upgraded at level 20.,700
Seer of the Jungle,Tier 2,+65 Physical Power,+95 Magical Power,+35 Physical Protection,+25% Attack Speed,PASSIVE - You deal 35% increased damage to Jungle Monsters and Jungle Bosses. Upon defeating a Large Jungle Monster or Jungle Boss you gain the ability to see wards for 30s.,2150
Sentinel's Boon,Tier 2,+45 Physical Protection,+45 Magical Protection,+300 Health,+20 MP5,PASSIVE - Getting the assist when an enemy dies restores 4% of your Health and Mana. If you have the lowest gold on your team the assists also provide 15 Bonus Gold.,1800
Sentinel's Embrace,Tier 2,+30 Physical Protection,+30 Magical Protection,+200 Health,+20 MP5,AURA - You gain 6 GP5 if you have the lowest gold on your team. Evenly split 80 Physical and Magical Protection among all allied gods within 55 units and yourself. If you are alone you only gain 40 Physical and Magical Protections.,1800
Serrated Edge,Tier 3,+30 Physical Power,+15% Physical Lifesteal,+20% Physical Penetration,+7% Movement Speed,PASSIVE - For every non-ultimate ability on cooldown you gain a stack of Cruelty. Each stack provides 8 Physical Power and 3% Physical Lifesteal.,2500
Shadowdrinker,Tier 3,+50 Physical Power,+10 Physical Penetration,+7% Movement Speed,PASSIVE - Killing an enemy god drains their shadow causing you to enter stealth and gain 30% Movement Speed for 3s. Taking damage firing an Ability or firing a Basic Attack breaks the stealth.,2300
Shogun's Kusari,Tier 3,+50 Magical Protection,+150 Health,+20 MP5,+10% Cooldown Reduction,AURA - Allied gods within 70 units have their Attack Speed increased by 30%.,2200
Short Bow,Tier 1,+15% Attack Speed,650
Short Sword,Tier 2,+25 Physical Power,1350
Sigil of the Old Guard,Tier 2,+200 Health,+75 Magical Protection,+45 Physical Protection,PASSIVE - You gain 3% Damage Mitigation. Whenever you are hit by an ability you gain a stack of Rebuke providing an additional 3% Damage Mitigation for 8s and healing for 1% of your Max Health. This occurs only once per ability cast. This can stack up to three times.,2150
Silver Breastplate,Tier 2,+35 Physical Protection,+200 Mana,+10 MP5,1050
Silver Talisman,Tier 2,+125 Health,+45 Magical Protection,1250
Silverbranch Bow,Tier 3,+35 Physical Power,+30% Attack Speed,+10% Physical Penetration,PASSIVE - For each 0.02 Attack Speed you go over cap you gain 2 Physical Power.,2550
Sorcerer's Staff,Tier 2,+45 Magical Power,+100 Health,+100 Mana,1350
Soul Gem,Tier 3,+80 Magical Power,+150 Health,+12% Magical Lifesteal,+10% Cooldown Reduction,PASSIVE - On successful hit of an Ability you gain 1 stack. At 3 Stacks your next Ability that damages an enemy God will deal bonus damage equal to 25% of your Magical power to each God hit and will heal yourself and allies within 20 units for 30% of your Magical Power and will consume the 3 stacks.,2300
Soul Reaver,Tier 3,+95 Magical Power,+300 Mana,PASSIVE - Your abilities deal an additional 2% of the target's maximum Health as Magical Damage. If the target has over 2000 Health your ability bonus damage scales up. This effect reaches a maximum of 9% Maximum Health damage at 2750 Health. Subsequent hits on the same target do half the bonus damage for the next 3s.,2650
Sovereignty,Tier 3,+250 Health,+40 Physical Protection,AURA - Allied gods within 70 units have their Physical Protections increased by 15 and their HP5 increased by 25.,2100
Spartan Flag,Tier 2,+40 Physical Power,+65 Magical Power,+300 Health,+15 MP5,PASSIVE - When you damage an enemy god you call down a Spartan Flag at your location providing 10% increased Power to allies standing in the radius. Lasts for 10s can only occur once every 10s.,1850
Spear of Desolation,Tier 3,+110 Magical Power,+15 Magical Penetration,+10% Cooldown Reduction,PASSIVE - If you receive a kill or assist on an Enemy God all of you non-ultimate cooldowns are reduced by 2 seconds and your ultimate cooldown is reduced by 6s.,2500
Spear of the Magus,Tier 3,+110 Magical Power,+12% Magical Lifesteal,+10% Magical Penetration,PASSIVE - Whenever you damage an enemy god with an ability you mark them to take 7.5% increased damage from all sources. This effect lasts for 7s and can only occur once every 15s.,2450
Spectral Armor,Tier 3,+60 Physical Protection,+200 Health,+300 Mana,+10 MP5,PASSIVE - You take 40% reduced bonus damage from Physical Critical Strikes. When you are hit by a Critical Strike you and allies within 55 units take an additional 5% reduced bonus damage from Physical Critical Strikes stacking up to 4 times and lasting for 8s.,2300
Spell Focus,Tier 2,+55 Magical Power,+5% Magical Penetration,1500
Spellbook,Tier 1,+20 Magical Power,+75 Mana,650
Spellbound Kusari,Tier 2,+40 Magical Protection,+15 MP5,1250
Sphinx's Baubles,Tier 3,+50 Physical Power,+80 Magical Power,+20 MP5,+10% Cooldown Reduction,PASSIVE - Your Cooldown Reduction cap is increased from 40% to 50%. Your Physical and Magical Protections are reduced by 10% and your healing output is decreased by 20%.,2550
Spiked Gauntlet,Tier 1,+5 Physical Power,+5% Physical Lifesteal,600
Spirit Robe,Tier 3,+40 Physical Protection,+40 Magical Protection,+10% Cooldown Reduction,+20% Crowd Control Reduction,PASSIVE - You gain an additional 15% Damage Mitigation for 3s whenever you are hit with a hard Crowd Control Effect or Root. This can only occur once every 15 seconds.,2400
Staff of Myrddin,Tier 3,+105 Magical Power,+10% Magical Penetration,+10% Cooldown Reduction,PASSIVE - When your ultimate ability has finished casting you gain Myrddin�s Rage which provides 20% Increased Damage Dealt decaying to 2.5% Increased Damage Dealt over 8s. At the end of the 8s you lose Myrddin�s Rage. This can only occur once every 45s.,2600
Steel Mail,Tier 2,+200 Health,+20 Physical Protection,1400
Stone of Binding,Tier 3,+40 Magical Protection,+40 Physical Protection,+250 Health,PASSIVE - Successfully hitting an enemy god with Crowd Control will place a debuff on them reducing their Physical and Magical Protections by 1* your level for 5s.,2300
Stone of Gaia,Tier 3,+400 Health,+25 HP5,+15 MP5,PASSIVE - If you are hit by a Knockup Knockback Pull or Grab you gain 8% of your max Health over the next 5 seconds. This effect does not trigger on Vortexes. Can only occur once every 45s.PASSIVE - Regenerates 0.5% of your max health every second.,2250
Sundering Axe,Tier 2,+40 Physical Power,+65 Magical Power,+30 Physical Protection,+30 Magical Protection,PASSIVE - Damaging an enemy god steals 3% (+2% of your Protection from items) of their Current Health away from your target and restores it to you. This effect can only occur once every 10s.,2100
Tablet of Destinies,Tier 3,+90 Magical Power,+150 Health,+300 Mana,PASSIVE - Your next successful damaging ability on an enemy god grants a stack of Wisdom. For each stack of Wisdom you have your abilities deal 0.14% of your Max Mana as True Damage to enemy gods. You may only gain one stack every 2s and can only gain stacks once per god per ability hit. Max 50 stacks.,2650
Tainted Amulet,Tier 2,+30 Physical Power,+50 Magical Power,+30 Physical Protection,+90 Magical Protection,PASSIVE - Enemy Gods that you hit have their healing taken reduced by 30% for 5s. You are healed for 100% of the healing reduced.,2200
Tainted Breastplate,Tier 2,+50 Physical Power,+75 Magical Power,+80 Physical Protection,+30 Magical Protection,PASSIVE - Enemy gods that you hit have their healing taken reduced by 50% for 5s.,2200
Tainted Steel,Tier 1,+15 Physical Power,+25 Magical Power,+15 Physical Protection,+15 Magical Protection,PASSIVE - Enemy Gods that you hit have their healing taken reduced by 15% for 5s. You are healed for 100% of the healing reduced. Can be upgraded at level 20.,600
Talisman,Tier 1,+75 Health,+15 Magical Protection,650
Talisman of Energy,Tier 3,+60 Magical Protection,+300 Health,PASSIVE - Getting a kill or assist on enemies causes you and allies within 70 units to gain stacks of energy. Energy stacks provide 2% Movement Speed 2% Attack Speed and 10MP5 per stack. Lasts 10s and stacks up to 6 times.,2150
Talon Trinket,Tier 2,+60 Magical Power,+100 Mana,+8% Magical Lifesteal,1400
Telkhines Ring,Tier 3,+60 Magical Power,+20% Attack Speed,+10% Magical Lifesteal,PASSIVE - Your Basic Attacks deal bonus damage of 10 (+3 Per Level). This effect does not hit structures.,2250
The Alternate Timeline,Tier 2,+70 Magical Power,+45 Physical Protection,+45 Magical Protections,+10% Cooldown Reduction,PASSIVE - When you would die you instead find a timeline you are still alive becoming CC Immune Damage Immune and unable to act. After 1.75s you are restored to 25% Health and Mana and can act again. This can only occur once every 6 minutes.,2200
The Crusher,Tier 3,+50 Physical Power,+15% Attack Speed,+10% Physical Penetration,PASSIVE - Enemies hit by your damaging Abilities take an additional 30% Physical Damage + 20% of your Physical Power over 2s.,2600
The Executioner,Tier 3,+40 Physical Power,+20% Attack Speed,PASSIVE - Basic Attacks against an enemy reduce your target's Physical Protection by 7% for 3 seconds (max. 4 Stacks).,2200
The Ferocious Executioner,Tier,+40 Physical Power,+20% Attack Speed,PASSIVE - Basic Attacks against an enemy reduce your target's Physical Protection by 7% for 3 seconds (max. 4 Stacks). GLYPH - Your next basic attack marks an enemy god for 8s. If you hit the marked enemy or the marked enemy hits you with a basic attack or ability gain 1 stack. Each stack provides 2% increased damage towards the marked enemy stacking up to 10 times. This effect can only occur every 30s.,2800
The Heavy Executioner,Tier,+40 Physical Power,+20% Attack Speed,2800
Thickbark Acorn,Tier 3,+35 Physical Power,+6% Movement Speed,+10% Protections,PASSIVE: When Ratatoskr deals damage with an ability he restores 3% of his Maximum Health. Flurry now provides protections equal to the protections shred from enemy gods. Flurry gains an additional charge.,2050
Thistlethorn Acorn,Tier 3,+50 Physical Power,+6% Movement Speed,PASSIVE: Enemies hit by Acorn Blast are debuffed taking 5% additional damage from Ratatoskr's abilities stacking up to 3 times. Acorn Blast now fires 5 Acorns.,2050
Thousand Fold Blade,Tier 2,+20 Physical Power,+5% Movement Speed,1250
Tiny Trinket,Tier 1,+20 Magical Power,+6% Magical Lifesteal,550
Titan's Bane,Tier 3,+50 Physical Power,+20% Physical Penetration,PASSIVE - Your first ability cast gains 20% Physical Penetration. This can only occur once every 6 seconds.,2500
Tower Shield,Tier 2,+15 Physical Protection,+15 HP5,1150
Toxic Blade,Tier 3,+100 Health,+15% Attack Speed,+10 Penetration,+7% Movement Speed,PASSIVE - Enemies hit by your basic attacks have 15% reduced Healing and 5% reduced Attack Speed while you gain 5% increased Attack Speed stacking up to 4 times and lasting 5s.,2400
Typhon's Fang,Tier 3,+70 Magical Power,+200 Mana,+15% Magical Lifesteal,+10% Magical Penetration,PASSIVE - Your Healing obtained from Magical Lifesteal is increased by 25%. Your Magical power is increased by twice the amount of Magical Lifesteal you have.,2800
Uncommon Staff,Tier 1,+15 Magical Power,+75 Health,650
Vampiric Shroud,Tier 1,+30 Magical Power,+7 MP5,+5% Magical Lifesteal,PASSIVE - Damaging any enemy with an ability restores 4 health and 6 mana. Can only trigger once per target per ability. Can be upgraded at level 20.,700
War Banner,Tier 2,+40 Physical Protection,+40 Magical Protection,+300 Health,+15 MP5,PASSIVE - You gain 6 GP5 if you have the lowest gold on your team. Getting an assist for an enemy dying provides a stack that provides 2% Movement Speed and 4% Attack Speed for 8s to nearby allies up to 10 stacks. When you�ve gained 4 or more stacks from assists once per ability each time you damage an enemy god you restore 1.25% Health and 1.25% Mana to nearby allies within 55 units and refresh the duration of these stacks.,1850
War Flag,Tier 1,+10 Physical Protection,+10 Magical Protection,+100 Health,+10 MP5,PASSIVE - Getting the assist for an enemy minion or jungle monster dying will provide 8 Bonus gold restore 5 Health and 5 Mana. You and nearby allied gods also receive a stack that gives 1% Movement Speed and 2% Attack Speed for 8s to nearby allies up to 10 stacks. If you are not within 30 units of an allied god for 20 seconds this passive is disabled until you are near an allied god again. Can be upgraded at level 15.,600
Warding Sigil,Tier 1,+15 Physical Power,+15 Magical Protection,+10 Physical Protection,+75 Health,PASSIVE - When you are hit by an ability you gain a stack of Dampening gaining 5 Protections for 5s and healing for 1% of your Max Health. This occurs only once per ability cast. This can stack twice. Can be upgraded at level 20.,650
Warrior's Axe,Tier 1,+10 Physical Power,+15 Magical Power,+10 Physical Protection,+10 Magical Protection,PASSIVE - Damaging an enemy god steals 30 health (+1.5 per level) away from your target and restores 20 mana. This effect can only occur once every 10s. Can be upgraded at level 20.,650
Warrior's Bane,Tier 2,+25 Physical Power,+5% Physical Penetration,1500
Winged Blade,Tier 3,+25 Magical Protection,+200 Health,+10% Crowd Control Reduction,+7% Movement Speed,PASSIVE - When hit by a Slow you and nearby allies within 30 units become immune to Slows and gain 20% increased Movement Speed for 4s. This effect can only occur once every 30 seconds.,1850
